{
  "_fv": 39,
  "_type": "achievement",
  "definition": {
    "achievementName": "Filled Fields made by JuniperGamer!",
    "achievementDescription": "...slushy lushy.",
    "achievementIcon": {
      "value": "Blocks.MOSS_BLOCK"
    },
    "background": "Default",
    "disableDisplay": false,
    "showPopup": true,
    "announceToChat": true,
    "hideIfNotCompleted": true,
    "rewardLoot": [],
    "rewardRecipes": [],
    "rewardFunction": "No function",
    "rewardXP": 0,
    "achievementType": "task",
    "parent": {
      "value": "No parent: root"
    },
    "triggerxml": "<xml xmlns=\"https://developers.google.com/blockly/xml\"><block type=\"biome_entered\" x=\"32\" y=\"41\"><field name=\"biome\">CUSTOM:FilledFieldcold</field><next><block type=\"advancement_trigger\" deletable=\"false\"></block></next></block></xml>"
  }
}