{
  "_fv": 39,
  "_type": "achievement",
  "definition": {
    "achievementName": "Photosynthesis",
    "achievementDescription": "Drink water and let your brain grow!",
    "achievementIcon": {
      "value": "Blocks.WATER"
    },
    "background": "Default",
    "disableDisplay": false,
    "showPopup": true,
    "announceToChat": true,
    "hideIfNotCompleted": false,
    "rewardLoot": [],
    "rewardRecipes": [],
    "rewardFunction": "No function",
    "rewardXP": 0,
    "achievementType": "task",
    "parent": {
      "value": "CUSTOM:Credit"
    },
    "triggerxml": "<xml xmlns=\"https://developers.google.com/blockly/xml\"><block type=\"item_consumed\" x=\"59\" y=\"28\"><value name=\"item\"><block type=\"mcitem_all\"><field name=\"value\">Items.POTIONITEM</field></block></value><next><block type=\"advancement_trigger\" deletable=\"false\"></block></next></block></xml>"
  }
}