{
  "display": {
    "background": "minecraft:textures/block/stone.png",
    "icon": {
      "item": "minecraft:moss_block"
    },
    "title": "Filled Fields made by JuniperGamer!",
    "description": "...slushy lushy.",
    "frame": "task",
    "show_toast": true,
    "announce_to_chat": true,
    "hidden": true
  },
  "criteria": {
    "credit": {
      "trigger": "minecraft:location",
      "conditions": {
        "player": [
          {
            "condition": "minecraft:entity_properties",
            "entity": "this",
            "predicate": {
              "location": {
                "biome": "filled_fields:filled_fieldcold"
              }
            }
          }
        ]
      }
    }
  }
}