{
  "display": {
    "icon": {
      "item": "minecraft:water"
    },
    "title": "Photosynthesis",
    "description": "Drink water and let your brain grow!",
    "frame": "task",
    "show_toast": true,
    "announce_to_chat": true,
    "hidden": false
  },
  "criteria": {
    "mothernature": {
      "trigger": "minecraft:consume_item",
      "conditions": {
        "item": {
          "items": [
            "minecraft:potion"
          ]
        }
      }
    }
  },
  "parent": "filled_fields:credit"
}