{
  "precipitation": "snow",
  "temperature": 0,
  "downfall": 0.5,
  "effects": {
    "foliage_color": -3355444,
    "grass_color": -10053121,
    "sky_color": -10053121,
    "fog_color": -10053121,
    "water_color": -6710785,
    "water_fog_color": 329011
  },
  "spawners": {
    "monster": [],
    "creature": [
      {
        "type": "allay",
        "weight": 20,
        "minCount": 4,
        "maxCount": 4
      },
      {
        "type": "snow_golem",
        "weight": 20,
        "minCount": 4,
        "maxCount": 4
      },
      {
        "type": "fox",
        "weight": 20,
        "minCount": 4,
        "maxCount": 4
      }
    ],
    "ambient": [],
    "water_creature": [],
    "water_ambient": [],
    "misc": []
  },
  "spawn_costs": {},
  "carvers": {
    "air": [
      "minecraft:cave",
      "minecraft:canyon"
    ]
  },
  "features": [
    [],
    [
      "minecraft:lake_water",
      "minecraft:lake_lava"
    ],
    [],
    [],
    [],
    [],
    [
      "minecraft:ore_dirt",
      "minecraft:ore_gravel",
      "minecraft:ore_granite_upper",
      "minecraft:ore_granite_lower",
      "minecraft:ore_diorite_upper",
      "minecraft:ore_diorite_lower",
      "minecraft:ore_andesite_upper",
      "minecraft:ore_andesite_lower",
      "minecraft:ore_tuff",
      "minecraft:ore_coal_upper",
      "minecraft:ore_coal_lower",
      "minecraft:ore_iron_upper",
      "minecraft:ore_iron_middle",
      "minecraft:ore_iron_small",
      "minecraft:ore_gold",
      "minecraft:ore_gold_lower",
      "minecraft:ore_redstone",
      "minecraft:ore_redstone_lower",
      "minecraft:ore_diamond",
      "minecraft:ore_diamond_large",
      "minecraft:ore_diamond_buried",
      "minecraft:ore_lapis",
      "minecraft:ore_lapis_buried",
      "minecraft:ore_copper"
    ],
    [],
    [],
    [],
    [
      "minecraft:freeze_top_layer"
    ]
  ]
}