{
  "precipitation": "rain",
  "temperature": 0.16,
  "downfall": 0.5,
  "effects": {
    "foliage_color": -26317,
    "grass_color": -6684877,
    "sky_color": -52,
    "fog_color": -52,
    "water_color": 4159204,
    "water_fog_color": 329011
  },
  "spawners": {
    "monster": [
      {
        "type": "rabbit",
        "weight": 20,
        "minCount": 4,
        "maxCount": 4
      }
    ],
    "creature": [
      {
        "type": "bee",
        "weight": 20,
        "minCount": 4,
        "maxCount": 4
      },
      {
        "type": "fox",
        "weight": 20,
        "minCount": 4,
        "maxCount": 4
      },
      {
        "type": "frog",
        "weight": 20,
        "minCount": 4,
        "maxCount": 4
      }
    ],
    "ambient": [],
    "water_creature": [],
    "water_ambient": [],
    "misc": []
  },
  "spawn_costs": {},
  "carvers": {
    "air": [
      "minecraft:cave",
      "minecraft:canyon"
    ]
  },
  "features": [
    [],
    [
      "minecraft:lake_water",
      "minecraft:lake_lava"
    ],
    [],
    [],
    [],
    [],
    [],
    [],
    [],
    [],
    [
      "minecraft:freeze_top_layer"
    ]
  ]
}